{
  "annotations": [
    {
      "area": 0,
      "bbox": [],
      "category_id": 2,
      "id": 1,
      "image_id": 1,
      "iscrowd": 0,
      "sheriff_annotation_id": "46fd258b-e887-46d9-8701-cda22eae8100",
      "status": "approved"
    }
  ],
  "categories": [
    {
      "id": 2,
      "name": "smoke-label",
      "supercategory": "default"
    }
  ],
  "images": [
    {
      "file_name": "pixel-sheriff-export-smoke2.jpg",
      "height": 0,
      "id": 1,
      "sheriff_asset_id": "681a9860-8b85-4a0b-9d60-1bf04fa74440",
      "width": 0
    }
  ],
  "info": {
    "description": "Pixel Sheriff COCO export",
    "version": "1.0"
  },
  "licenses": []
}