{
  "annotations": [
    {
      "area": 0,
      "bbox": [],
      "category_id": 1,
      "id": 1,
      "image_id": 2,
      "iscrowd": 0,
      "sheriff_annotation_id": "90bbff55-5e96-403d-91b4-52df86217eaa",
      "status": "labeled"
    },
    {
      "area": 0,
      "bbox": [],
      "category_id": 2,
      "id": 2,
      "image_id": 1,
      "iscrowd": 0,
      "sheriff_annotation_id": "8ed2e612-ad6b-4aeb-b675-430bcc0698be",
      "status": "labeled"
    },
    {
      "area": 0,
      "bbox": [],
      "category_id": 1,
      "id": 3,
      "image_id": 3,
      "iscrowd": 0,
      "sheriff_annotation_id": "7b874c84-40b7-4dc3-8e0a-cbca2c7c9695",
      "status": "labeled"
    },
    {
      "area": 0,
      "bbox": [],
      "category_id": 3,
      "id": 4,
      "image_id": 4,
      "iscrowd": 0,
      "sheriff_annotation_id": "bfcb1cdf-5f36-452c-929a-d91804852326",
      "status": "labeled"
    }
  ],
  "categories": [
    {
      "id": 1,
      "name": "owl",
      "supercategory": "default"
    },
    {
      "id": 2,
      "name": "pavo",
      "supercategory": "default"
    },
    {
      "id": 3,
      "name": "maia",
      "supercategory": "default"
    },
    {
      "id": 4,
      "name": "jan",
      "supercategory": "default"
    }
  ],
  "images": [
    {
      "file_name": "folder_test/subfolder/DSC03351_sub.JPG",
      "height": 0,
      "id": 1,
      "sheriff_asset_id": "9d5aaceb-790b-46a0-aaec-d0271a94f212",
      "width": 0
    },
    {
      "file_name": "folder_test/subfolder/DSC03396_sub.JPG",
      "height": 0,
      "id": 2,
      "sheriff_asset_id": "5e9ca56c-8517-46cc-b5f4-a3118415fabd",
      "width": 0
    },
    {
      "file_name": "photos/con_trofeo.jpeg",
      "height": 0,
      "id": 3,
      "sheriff_asset_id": "a2dd828e-0955-47af-8846-cd7c0aae8e3d",
      "width": 0
    },
    {
      "file_name": "photos/en_la_playa.jpeg",
      "height": 0,
      "id": 4,
      "sheriff_asset_id": "fad79a59-fd23-400e-8b06-d74a6c13695e",
      "width": 0
    }
  ],
  "info": {
    "description": "Pixel Sheriff COCO export",
    "version": "1.0"
  },
  "licenses": []
}