{
  "annotations": [
    {
      "area": 0,
      "bbox": [],
      "category_id": 1,
      "id": 1,
      "image_id": 1,
      "iscrowd": 0,
      "sheriff_annotation_id": "4e6a735a-65c7-429a-abd8-ccee138f94d8",
      "status": "labeled"
    },
    {
      "area": 0,
      "bbox": [],
      "category_id": 1,
      "id": 2,
      "image_id": 3,
      "iscrowd": 0,
      "sheriff_annotation_id": "0aaf2523-c005-4034-8e2a-2349ebd5c61f",
      "status": "labeled"
    },
    {
      "area": 0,
      "bbox": [],
      "category_id": 1,
      "id": 3,
      "image_id": 2,
      "iscrowd": 0,
      "sheriff_annotation_id": "e9baa4ba-84a8-4aee-be07-7423fbd5e86d",
      "status": "labeled"
    },
    {
      "area": 0,
      "bbox": [],
      "category_id": 1,
      "id": 4,
      "image_id": 5,
      "iscrowd": 0,
      "sheriff_annotation_id": "9223d039-3583-48c7-8f16-4e730866dbb9",
      "status": "labeled"
    },
    {
      "area": 0,
      "bbox": [],
      "category_id": 2,
      "id": 5,
      "image_id": 4,
      "iscrowd": 0,
      "sheriff_annotation_id": "3472ad29-3229-41af-9b8e-9bc226d21335",
      "status": "labeled"
    },
    {
      "area": 0,
      "bbox": [],
      "category_id": 2,
      "id": 6,
      "image_id": 6,
      "iscrowd": 0,
      "sheriff_annotation_id": "ac35ffa9-af5a-4060-8822-e837b5623626",
      "status": "labeled"
    }
  ],
  "categories": [
    {
      "id": 1,
      "name": "Maia",
      "supercategory": "default"
    },
    {
      "id": 2,
      "name": "Jan",
      "supercategory": "default"
    }
  ],
  "images": [
    {
      "file_name": "photos/antiparras.jpeg",
      "height": 0,
      "id": 1,
      "sheriff_asset_id": "0cce8d5e-8f00-4a9c-9f60-72d1708c89fb",
      "width": 0
    },
    {
      "file_name": "photos/antiparras_2.jpeg",
      "height": 0,
      "id": 2,
      "sheriff_asset_id": "31bbf28a-7341-4683-b43d-03eb923a2f16",
      "width": 0
    },
    {
      "file_name": "photos/cavernas.jpeg",
      "height": 0,
      "id": 3,
      "sheriff_asset_id": "19a240dc-fe7f-4131-a883-6c139c7f9795",
      "width": 0
    },
    {
      "file_name": "photos/cavernas_2.jpeg",
      "height": 0,
      "id": 4,
      "sheriff_asset_id": "c53e622c-773f-4aae-a5a6-aa3284c36e5c",
      "width": 0
    },
    {
      "file_name": "photos/con_florcita.jpeg",
      "height": 0,
      "id": 5,
      "sheriff_asset_id": "8d1b7181-b9a6-4d06-a85a-2b94b3f3f14e",
      "width": 0
    },
    {
      "file_name": "photos/con_la_flia.jpeg",
      "height": 0,
      "id": 6,
      "sheriff_asset_id": "f083977e-1270-439c-ae13-e1c4870a6cbe",
      "width": 0
    }
  ],
  "info": {
    "description": "Pixel Sheriff COCO export",
    "version": "1.0"
  },
  "licenses": []
}